../keras/cnn_training_data/2VHGzGmfQRVnsQz4.jpg,3,3,38,38,heptagon
../keras/cnn_training_data/2VHGzGmfQRVnsQz4.jpg,15,15,25,25,L
../keras/cnn_training_data/fal4YtjaycX9PY58.jpg,3,3,38,38,pentagon
../keras/cnn_training_data/fal4YtjaycX9PY58.jpg,15,15,25,25,O
../keras/cnn_training_data/zmn3rDMJJMedafOv.jpg,3,3,38,38,circle
../keras/cnn_training_data/zmn3rDMJJMedafOv.jpg,15,15,25,25,Q
../keras/cnn_training_data/8VeszQKqiBs3eONq.jpg,3,3,38,38,trapezoid
../keras/cnn_training_data/8VeszQKqiBs3eONq.jpg,15,15,25,25,I
../keras/cnn_training_data/3eev0IpgFn1O5SKI.jpg,3,3,38,38,semicircle
../keras/cnn_training_data/3eev0IpgFn1O5SKI.jpg,15,15,25,25,2
../keras/cnn_training_data/YcUMLsxyRiap9BgL.jpg,3,3,38,38,triangle
../keras/cnn_training_data/YcUMLsxyRiap9BgL.jpg,15,15,25,25,L
../keras/cnn_training_data/zXSPqMxLEjxNq8Jy.jpg,3,3,38,38,cross
../keras/cnn_training_data/zXSPqMxLEjxNq8Jy.jpg,15,15,25,25,9
../keras/cnn_training_data/kaHq8zJlByos7NTS.jpg,3,3,38,38,pentagon
../keras/cnn_training_data/kaHq8zJlByos7NTS.jpg,15,15,25,25,R
../keras/cnn_training_data/wAi85rNjxH7w50eA.jpg,3,3,38,38,hexagon
../keras/cnn_training_data/wAi85rNjxH7w50eA.jpg,15,15,25,25,N
../keras/cnn_training_data/WVTJJEKvetLu7E6N.jpg,3,3,38,38,semicircle
../keras/cnn_training_data/WVTJJEKvetLu7E6N.jpg,15,15,25,25,E
../keras/cnn_training_data/rhEmnpWsYflXWI9e.jpg,3,3,38,38,rectangle
../keras/cnn_training_data/rhEmnpWsYflXWI9e.jpg,15,15,25,25,W
../keras/cnn_training_data/uIBPSGCekzD0ami1.jpg,3,3,38,38,octagon
../keras/cnn_training_data/uIBPSGCekzD0ami1.jpg,15,15,25,25,3
../keras/cnn_training_data/QD2mbYcC5mBjrmD0.jpg,3,3,38,38,heptagon
../keras/cnn_training_data/QD2mbYcC5mBjrmD0.jpg,15,15,25,25,X
../keras/cnn_training_data/qnnEcu1zJO9956Je.jpg,3,3,38,38,circle
../keras/cnn_training_data/qnnEcu1zJO9956Je.jpg,15,15,25,25,Z
../keras/cnn_training_data/oi5QVUb6KepavAVX.jpg,3,3,38,38,square
../keras/cnn_training_data/oi5QVUb6KepavAVX.jpg,15,15,25,25,E
../keras/cnn_training_data/mXmRGoGZAHiiLimI.jpg,3,3,38,38,cross
../keras/cnn_training_data/mXmRGoGZAHiiLimI.jpg,15,15,25,25,H
../keras/cnn_training_data/TS9ZzEU4gMqC9kUD.jpg,3,3,38,38,square
../keras/cnn_training_data/TS9ZzEU4gMqC9kUD.jpg,15,15,25,25,R
../keras/cnn_training_data/UMfQh7K6MgbysM4x.jpg,3,3,38,38,octagon
../keras/cnn_training_data/UMfQh7K6MgbysM4x.jpg,15,15,25,25,N
../keras/cnn_training_data/VutBusgMDQrmLaTv.jpg,3,3,38,38,circle
../keras/cnn_training_data/VutBusgMDQrmLaTv.jpg,15,15,25,25,T
../keras/cnn_training_data/FLw3KtWnMqmXTpv1.jpg,3,3,38,38,square
../keras/cnn_training_data/FLw3KtWnMqmXTpv1.jpg,15,15,25,25,I
../keras/cnn_training_data/fBi33ipB9QjwAFJG.jpg,3,3,38,38,quartercircle
../keras/cnn_training_data/fBi33ipB9QjwAFJG.jpg,15,15,25,25,1
../keras/cnn_training_data/caWMQklGN0y95838.jpg,3,3,38,38,square
../keras/cnn_training_data/caWMQklGN0y95838.jpg,15,15,25,25,A
../keras/cnn_training_data/FUV3ef3Dtc5aaOH1.jpg,3,3,38,38,octagon
../keras/cnn_training_data/FUV3ef3Dtc5aaOH1.jpg,15,15,25,25,Z
../keras/cnn_training_data/td00Y98Z4R2WgUCf.jpg,3,3,38,38,hexagon
../keras/cnn_training_data/td00Y98Z4R2WgUCf.jpg,15,15,25,25,4
../keras/cnn_training_data/NGmPBQuXuDpAcmD9.jpg,3,3,38,38,trapezoid
../keras/cnn_training_data/NGmPBQuXuDpAcmD9.jpg,15,15,25,25,P
../keras/cnn_training_data/QJxDjpFF4e96MEBA.jpg,3,3,38,38,semicircle
../keras/cnn_training_data/QJxDjpFF4e96MEBA.jpg,15,15,25,25,3
../keras/cnn_training_data/dbv2KPcyUByFveYZ.jpg,3,3,38,38,circle
../keras/cnn_training_data/dbv2KPcyUByFveYZ.jpg,15,15,25,25,A
../keras/cnn_training_data/YxwGTxdOTahGKn7w.jpg,3,3,38,38,rectangle
../keras/cnn_training_data/YxwGTxdOTahGKn7w.jpg,15,15,25,25,H
../keras/cnn_training_data/5aWQwAIrqQEBxA3a.jpg,3,3,38,38,rectangle
../keras/cnn_training_data/5aWQwAIrqQEBxA3a.jpg,15,15,25,25,U
../keras/cnn_training_data/tL4Dl4mVYlQAzb2h.jpg,3,3,38,38,heptagon
../keras/cnn_training_data/tL4Dl4mVYlQAzb2h.jpg,15,15,25,25,T
../keras/cnn_training_data/ZXRjc9s7ivB20NbP.jpg,3,3,38,38,square
../keras/cnn_training_data/ZXRjc9s7ivB20NbP.jpg,15,15,25,25,E
../keras/cnn_training_data/2nn0P2ciRmWLHNZz.jpg,3,3,38,38,trapezoid
../keras/cnn_training_data/2nn0P2ciRmWLHNZz.jpg,15,15,25,25,0
../keras/cnn_training_data/UJI1JnY7Ik0fBefK.jpg,3,3,38,38,trapezoid
../keras/cnn_training_data/UJI1JnY7Ik0fBefK.jpg,15,15,25,25,L
../keras/cnn_training_data/1Fg6RogVIvfbMvmu.jpg,3,3,38,38,semicircle
../keras/cnn_training_data/1Fg6RogVIvfbMvmu.jpg,15,15,25,25,J
../keras/cnn_training_data/6GNqyoLaIFU5OLVe.jpg,3,3,38,38,triangle
../keras/cnn_training_data/6GNqyoLaIFU5OLVe.jpg,15,15,25,25,O
../keras/cnn_training_data/hRxWrLhwZCalj0iG.jpg,3,3,38,38,heptagon
../keras/cnn_training_data/hRxWrLhwZCalj0iG.jpg,15,15,25,25,Q
../keras/cnn_training_data/D0eQVlnvM46AH7iL.jpg,3,3,38,38,square
../keras/cnn_training_data/D0eQVlnvM46AH7iL.jpg,15,15,25,25,N
../keras/cnn_training_data/4DFDf1k0WsUqXG2f.jpg,3,3,38,38,triangle
../keras/cnn_training_data/4DFDf1k0WsUqXG2f.jpg,15,15,25,25,O
../keras/cnn_training_data/qL8auNdTuy1UWegW.jpg,3,3,38,38,pentagon
../keras/cnn_training_data/qL8auNdTuy1UWegW.jpg,15,15,25,25,8
../keras/cnn_training_data/6LTUlbD5sGIgTSrc.jpg,3,3,38,38,rectangle
../keras/cnn_training_data/6LTUlbD5sGIgTSrc.jpg,15,15,25,25,K
../keras/cnn_training_data/wQ0KschKACjwZE6h.jpg,3,3,38,38,octagon
../keras/cnn_training_data/wQ0KschKACjwZE6h.jpg,15,15,25,25,B
../keras/cnn_training_data/shfzBDzAVssn1eof.jpg,3,3,38,38,circle
../keras/cnn_training_data/shfzBDzAVssn1eof.jpg,15,15,25,25,P
../keras/cnn_training_data/jI1DyNUGM5lvp7KT.jpg,3,3,38,38,pentagon
../keras/cnn_training_data/jI1DyNUGM5lvp7KT.jpg,15,15,25,25,K
../keras/cnn_training_data/SDHVUravRlnQXg1f.jpg,3,3,38,38,octagon
../keras/cnn_training_data/SDHVUravRlnQXg1f.jpg,15,15,25,25,S
../keras/cnn_training_data/SKqoXJXllxnpGtED.jpg,3,3,38,38,octagon
../keras/cnn_training_data/SKqoXJXllxnpGtED.jpg,15,15,25,25,1
../keras/cnn_training_data/8SlXTg0Cl3ICSqmn.jpg,3,3,38,38,octagon
../keras/cnn_training_data/8SlXTg0Cl3ICSqmn.jpg,15,15,25,25,Y
../keras/cnn_training_data/I57xUOzPQt9iYbYL.jpg,3,3,38,38,trapezoid
../keras/cnn_training_data/I57xUOzPQt9iYbYL.jpg,15,15,25,25,R
../keras/cnn_training_data/4bNzCEgbuVdRLAol.jpg,3,3,38,38,cross
../keras/cnn_training_data/4bNzCEgbuVdRLAol.jpg,15,15,25,25,D
../keras/cnn_training_data/MMwzEsPSNTl47CdZ.jpg,3,3,38,38,pentagon
../keras/cnn_training_data/MMwzEsPSNTl47CdZ.jpg,15,15,25,25,U
../keras/cnn_training_data/Is3KY9HF1ylueQH6.jpg,3,3,38,38,semicircle
../keras/cnn_training_data/Is3KY9HF1ylueQH6.jpg,15,15,25,25,C
../keras/cnn_training_data/z1A4RHOwTH1Plygf.jpg,3,3,38,38,heptagon
../keras/cnn_training_data/z1A4RHOwTH1Plygf.jpg,15,15,25,25,0
../keras/cnn_training_data/84vkQ72xLhSWtY7S.jpg,3,3,38,38,pentagon
../keras/cnn_training_data/84vkQ72xLhSWtY7S.jpg,15,15,25,25,S
../keras/cnn_training_data/8Wpp31Hv4b6guZ0t.jpg,3,3,38,38,circle
../keras/cnn_training_data/8Wpp31Hv4b6guZ0t.jpg,15,15,25,25,A
../keras/cnn_training_data/aF0RJP9LqHHzzC0D.jpg,3,3,38,38,triangle
../keras/cnn_training_data/aF0RJP9LqHHzzC0D.jpg,15,15,25,25,A
../keras/cnn_training_data/gOj8yLy8juRBgE1u.jpg,3,3,38,38,square
../keras/cnn_training_data/gOj8yLy8juRBgE1u.jpg,15,15,25,25,9
../keras/cnn_training_data/pQljcEG6Vl84mnuB.jpg,3,3,38,38,pentagon
../keras/cnn_training_data/pQljcEG6Vl84mnuB.jpg,15,15,25,25,Q
../keras/cnn_training_data/JqCp57rxEvcOhZ8a.jpg,3,3,38,38,hexagon
../keras/cnn_training_data/JqCp57rxEvcOhZ8a.jpg,15,15,25,25,L
../keras/cnn_training_data/mEiaLThx77WwUy5b.jpg,3,3,38,38,quartercircle
../keras/cnn_training_data/mEiaLThx77WwUy5b.jpg,15,15,25,25,6
../keras/cnn_training_data/SHfOxcmdsA08aHLb.jpg,3,3,38,38,square
../keras/cnn_training_data/SHfOxcmdsA08aHLb.jpg,15,15,25,25,D
../keras/cnn_training_data/d20swnREKiPnn0Un.jpg,3,3,38,38,pentagon
../keras/cnn_training_data/d20swnREKiPnn0Un.jpg,15,15,25,25,2
../keras/cnn_training_data/o1XxTqgFqT3uXbQ9.jpg,3,3,38,38,triangle
../keras/cnn_training_data/o1XxTqgFqT3uXbQ9.jpg,15,15,25,25,X
../keras/cnn_training_data/2HicbnU3sE9zZSkw.jpg,3,3,38,38,quartercircle
../keras/cnn_training_data/2HicbnU3sE9zZSkw.jpg,15,15,25,25,J
../keras/cnn_training_data/nz2CiBog9LcIEd5L.jpg,3,3,38,38,pentagon
../keras/cnn_training_data/nz2CiBog9LcIEd5L.jpg,15,15,25,25,U
../keras/cnn_training_data/HuNms2WPmTv3NIoo.jpg,3,3,38,38,rectangle
../keras/cnn_training_data/HuNms2WPmTv3NIoo.jpg,15,15,25,25,D
../keras/cnn_training_data/FFLcA4mNgys2Nnxq.jpg,3,3,38,38,rectangle
../keras/cnn_training_data/FFLcA4mNgys2Nnxq.jpg,15,15,25,25,3
../keras/cnn_training_data/5qZu28KhI9vxgouI.jpg,3,3,38,38,rectangle
../keras/cnn_training_data/5qZu28KhI9vxgouI.jpg,15,15,25,25,G
../keras/cnn_training_data/o84Yk2XiY6YVSWB4.jpg,3,3,38,38,triangle
../keras/cnn_training_data/o84Yk2XiY6YVSWB4.jpg,15,15,25,25,E
../keras/cnn_training_data/Hh3jUImzQdGbSZVc.jpg,3,3,38,38,heptagon
../keras/cnn_training_data/Hh3jUImzQdGbSZVc.jpg,15,15,25,25,7
../keras/cnn_training_data/EaoVqpQlhBZ4FE4Z.jpg,3,3,38,38,star
../keras/cnn_training_data/EaoVqpQlhBZ4FE4Z.jpg,15,15,25,25,1
../keras/cnn_training_data/ymBlR6K577Y8xZgh.jpg,3,3,38,38,square
../keras/cnn_training_data/ymBlR6K577Y8xZgh.jpg,15,15,25,25,L
../keras/cnn_training_data/7khmtthtI8SHx5fW.jpg,3,3,38,38,hexagon
../keras/cnn_training_data/7khmtthtI8SHx5fW.jpg,15,15,25,25,A
../keras/cnn_training_data/MziXwzMZ4BFtqYpM.jpg,3,3,38,38,rectangle
../keras/cnn_training_data/MziXwzMZ4BFtqYpM.jpg,15,15,25,25,6
../keras/cnn_training_data/5bSAZr9zsqP5xsGC.jpg,3,3,38,38,trapezoid
../keras/cnn_training_data/5bSAZr9zsqP5xsGC.jpg,15,15,25,25,T
../keras/cnn_training_data/3VXVRn1zTKc2LaKZ.jpg,3,3,38,38,rectangle
../keras/cnn_training_data/3VXVRn1zTKc2LaKZ.jpg,15,15,25,25,3
../keras/cnn_training_data/FyRFhI2dxsGhvB4J.jpg,3,3,38,38,hexagon
../keras/cnn_training_data/FyRFhI2dxsGhvB4J.jpg,15,15,25,25,V
../keras/cnn_training_data/pIdsgCnGJ2rHx6ZN.jpg,3,3,38,38,hexagon
../keras/cnn_training_data/pIdsgCnGJ2rHx6ZN.jpg,15,15,25,25,5
../keras/cnn_training_data/9WtFO8uvxLMT0InO.jpg,3,3,38,38,circle
../keras/cnn_training_data/9WtFO8uvxLMT0InO.jpg,15,15,25,25,L
../keras/cnn_training_data/1pttBCRQSLlBUFU0.jpg,3,3,38,38,triangle
../keras/cnn_training_data/1pttBCRQSLlBUFU0.jpg,15,15,25,25,K
../keras/cnn_training_data/KstpY1VgFi7P2Xac.jpg,3,3,38,38,heptagon
../keras/cnn_training_data/KstpY1VgFi7P2Xac.jpg,15,15,25,25,G
../keras/cnn_training_data/wfdMIUN6Gs4qZVws.jpg,3,3,38,38,star
../keras/cnn_training_data/wfdMIUN6Gs4qZVws.jpg,15,15,25,25,O
../keras/cnn_training_data/On1yVNLJekXwkbkX.jpg,3,3,38,38,heptagon
../keras/cnn_training_data/On1yVNLJekXwkbkX.jpg,15,15,25,25,R
../keras/cnn_training_data/ku3vPswqT8FzVe0G.jpg,3,3,38,38,hexagon
../keras/cnn_training_data/ku3vPswqT8FzVe0G.jpg,15,15,25,25,R
../keras/cnn_training_data/iqiY7LgH0PsIYTna.jpg,3,3,38,38,pentagon
../keras/cnn_training_data/iqiY7LgH0PsIYTna.jpg,15,15,25,25,H
../keras/cnn_training_data/wZdcS00wYyS3zWbH.jpg,3,3,38,38,star
../keras/cnn_training_data/wZdcS00wYyS3zWbH.jpg,15,15,25,25,K
../keras/cnn_training_data/rO29iQbzQqx8x3AP.jpg,3,3,38,38,hexagon
../keras/cnn_training_data/rO29iQbzQqx8x3AP.jpg,15,15,25,25,O
../keras/cnn_training_data/sc3iLuC7fkm6GIY6.jpg,3,3,38,38,octagon
../keras/cnn_training_data/sc3iLuC7fkm6GIY6.jpg,15,15,25,25,8
../keras/cnn_training_data/TpDh6ClcklOvLma7.jpg,3,3,38,38,octagon
../keras/cnn_training_data/TpDh6ClcklOvLma7.jpg,15,15,25,25,T
../keras/cnn_training_data/qoKGxCrHuxV2UyPW.jpg,3,3,38,38,cross
../keras/cnn_training_data/qoKGxCrHuxV2UyPW.jpg,15,15,25,25,9
../keras/cnn_training_data/la2mStX4m9WGTt7i.jpg,3,3,38,38,octagon
../keras/cnn_training_data/la2mStX4m9WGTt7i.jpg,15,15,25,25,7
../keras/cnn_training_data/3VG8l6vpJJypOJhA.jpg,3,3,38,38,star
../keras/cnn_training_data/3VG8l6vpJJypOJhA.jpg,15,15,25,25,Z
../keras/cnn_training_data/jT4Ietg5uz14cUZ2.jpg,3,3,38,38,star
../keras/cnn_training_data/jT4Ietg5uz14cUZ2.jpg,15,15,25,25,1
../keras/cnn_training_data/5hxQp1veikitYBte.jpg,3,3,38,38,semicircle
../keras/cnn_training_data/5hxQp1veikitYBte.jpg,15,15,25,25,N
../keras/cnn_training_data/G1sJ2s9ANc3AC7Bx.jpg,3,3,38,38,hexagon
../keras/cnn_training_data/G1sJ2s9ANc3AC7Bx.jpg,15,15,25,25,L
../keras/cnn_training_data/p0N9tsWXrukp7wVh.jpg,3,3,38,38,triangle
../keras/cnn_training_data/p0N9tsWXrukp7wVh.jpg,15,15,25,25,I
../keras/cnn_training_data/DowcK5TpveqXeK7k.jpg,3,3,38,38,hexagon
../keras/cnn_training_data/DowcK5TpveqXeK7k.jpg,15,15,25,25,N
../keras/cnn_training_data/C0YjViiH9CCKWR3z.jpg,3,3,38,38,circle
../keras/cnn_training_data/C0YjViiH9CCKWR3z.jpg,15,15,25,25,C
../keras/cnn_training_data/HyG2WSAxMNQpZGhJ.jpg,3,3,38,38,square
../keras/cnn_training_data/HyG2WSAxMNQpZGhJ.jpg,15,15,25,25,E
../keras/cnn_training_data/zBVEG9mLeyfx5eFO.jpg,3,3,38,38,hexagon
../keras/cnn_training_data/zBVEG9mLeyfx5eFO.jpg,15,15,25,25,J
../keras/cnn_training_data/P6CeGdzrDSXHrtPj.jpg,3,3,38,38,cross
../keras/cnn_training_data/P6CeGdzrDSXHrtPj.jpg,15,15,25,25,B
../keras/cnn_training_data/fKZNfTyRwYEt29D8.jpg,3,3,38,38,star
../keras/cnn_training_data/fKZNfTyRwYEt29D8.jpg,15,15,25,25,3
../keras/cnn_training_data/Iz5azSJ2Z08XYeQS.jpg,3,3,38,38,rectangle
../keras/cnn_training_data/Iz5azSJ2Z08XYeQS.jpg,15,15,25,25,7
../keras/cnn_training_data/PpSkbs9oqizbARew.jpg,3,3,38,38,octagon
../keras/cnn_training_data/PpSkbs9oqizbARew.jpg,15,15,25,25,L
../keras/cnn_training_data/mCyUQoSWwX7z1edW.jpg,3,3,38,38,trapezoid
../keras/cnn_training_data/mCyUQoSWwX7z1edW.jpg,15,15,25,25,U
../keras/cnn_training_data/oMpqpUwgAXq8lPcs.jpg,3,3,38,38,triangle
../keras/cnn_training_data/oMpqpUwgAXq8lPcs.jpg,15,15,25,25,G
../keras/cnn_training_data/ULbb7BeL7ATMQdEJ.jpg,3,3,38,38,hexagon
../keras/cnn_training_data/ULbb7BeL7ATMQdEJ.jpg,15,15,25,25,R
../keras/cnn_training_data/RZ092D2zYMv6CLcE.jpg,3,3,38,38,star
../keras/cnn_training_data/RZ092D2zYMv6CLcE.jpg,15,15,25,25,W
../keras/cnn_training_data/p4Clijb9Dkfaz2fh.jpg,3,3,38,38,circle
../keras/cnn_training_data/p4Clijb9Dkfaz2fh.jpg,15,15,25,25,3
../keras/cnn_training_data/1TCyaeEhV2EhQfWz.jpg,3,3,38,38,rectangle
../keras/cnn_training_data/1TCyaeEhV2EhQfWz.jpg,15,15,25,25,B
../keras/cnn_training_data/px5eQTuUJVfYCopU.jpg,3,3,38,38,hexagon
../keras/cnn_training_data/px5eQTuUJVfYCopU.jpg,15,15,25,25,4
../keras/cnn_training_data/yfnO3PYhnHviCVxE.jpg,3,3,38,38,heptagon
../keras/cnn_training_data/yfnO3PYhnHviCVxE.jpg,15,15,25,25,T
../keras/cnn_training_data/daDGTpohrqg3LvtC.jpg,3,3,38,38,cross
../keras/cnn_training_data/daDGTpohrqg3LvtC.jpg,15,15,25,25,X
../keras/cnn_training_data/EjMedqykhVOIZZk9.jpg,3,3,38,38,trapezoid
../keras/cnn_training_data/EjMedqykhVOIZZk9.jpg,15,15,25,25,9
../keras/cnn_training_data/DI7n3wmn0VURWDoU.jpg,3,3,38,38,octagon
../keras/cnn_training_data/DI7n3wmn0VURWDoU.jpg,15,15,25,25,H
../keras/cnn_training_data/xORjDQqA2Iuc85AX.jpg,3,3,38,38,rectangle
../keras/cnn_training_data/xORjDQqA2Iuc85AX.jpg,15,15,25,25,9
../keras/cnn_training_data/AaIZkizKznWTYyrm.jpg,3,3,38,38,pentagon
../keras/cnn_training_data/AaIZkizKznWTYyrm.jpg,15,15,25,25,V
../keras/cnn_training_data/mziWv9NRjylk7FEI.jpg,3,3,38,38,rectangle
../keras/cnn_training_data/mziWv9NRjylk7FEI.jpg,15,15,25,25,0
../keras/cnn_training_data/7KEvAOlaUbbXXvms.jpg,3,3,38,38,quartercircle
../keras/cnn_training_data/7KEvAOlaUbbXXvms.jpg,15,15,25,25,F
../keras/cnn_training_data/NOKt3G6TSVOrIdpb.jpg,3,3,38,38,circle
../keras/cnn_training_data/NOKt3G6TSVOrIdpb.jpg,15,15,25,25,G
../keras/cnn_training_data/O1jxmOWVGZANmHwo.jpg,3,3,38,38,trapezoid
../keras/cnn_training_data/O1jxmOWVGZANmHwo.jpg,15,15,25,25,2
../keras/cnn_training_data/nU9UrBHlKd2ZZLf6.jpg,3,3,38,38,hexagon
../keras/cnn_training_data/nU9UrBHlKd2ZZLf6.jpg,15,15,25,25,3
../keras/cnn_training_data/l9kuae1rv2Ayrqjg.jpg,3,3,38,38,triangle
../keras/cnn_training_data/l9kuae1rv2Ayrqjg.jpg,15,15,25,25,P
../keras/cnn_training_data/iBFWF7J6Ez85exa7.jpg,3,3,38,38,quartercircle
../keras/cnn_training_data/iBFWF7J6Ez85exa7.jpg,15,15,25,25,A
../keras/cnn_training_data/Pzwb8gaHGsa98fwS.jpg,3,3,38,38,hexagon
../keras/cnn_training_data/Pzwb8gaHGsa98fwS.jpg,15,15,25,25,N
../keras/cnn_training_data/2jaSiP4SFcmj2nDH.jpg,3,3,38,38,octagon
../keras/cnn_training_data/2jaSiP4SFcmj2nDH.jpg,15,15,25,25,9
../keras/cnn_training_data/hKfVTBwT97zrU8mP.jpg,3,3,38,38,rectangle
../keras/cnn_training_data/hKfVTBwT97zrU8mP.jpg,15,15,25,25,8
../keras/cnn_training_data/n04da8GWVCN8RXia.jpg,3,3,38,38,star
../keras/cnn_training_data/n04da8GWVCN8RXia.jpg,15,15,25,25,2
../keras/cnn_training_data/dBwp8QF5y3hpH7yy.jpg,3,3,38,38,rectangle
../keras/cnn_training_data/dBwp8QF5y3hpH7yy.jpg,15,15,25,25,B
../keras/cnn_training_data/TUlRiIYIfZsdV7q3.jpg,3,3,38,38,pentagon
../keras/cnn_training_data/TUlRiIYIfZsdV7q3.jpg,15,15,25,25,9
../keras/cnn_training_data/jmIuhW9KsbZuhzdh.jpg,3,3,38,38,heptagon
../keras/cnn_training_data/jmIuhW9KsbZuhzdh.jpg,15,15,25,25,S
../keras/cnn_training_data/DNPd8q4sOVgjY2jH.jpg,3,3,38,38,star
../keras/cnn_training_data/DNPd8q4sOVgjY2jH.jpg,15,15,25,25,R
../keras/cnn_training_data/19BRhRXUOGZ2rpHL.jpg,3,3,38,38,heptagon
../keras/cnn_training_data/19BRhRXUOGZ2rpHL.jpg,15,15,25,25,6
../keras/cnn_training_data/ArPuF9yHeH3RpaOZ.jpg,3,3,38,38,semicircle
../keras/cnn_training_data/ArPuF9yHeH3RpaOZ.jpg,15,15,25,25,R
../keras/cnn_training_data/fO42y57QKvWIG6Xs.jpg,3,3,38,38,semicircle
../keras/cnn_training_data/fO42y57QKvWIG6Xs.jpg,15,15,25,25,6
../keras/cnn_training_data/zuEkksvfNnBjWHsm.jpg,3,3,38,38,trapezoid
../keras/cnn_training_data/zuEkksvfNnBjWHsm.jpg,15,15,25,25,D
../keras/cnn_training_data/LwpHOLJKyxIULlaQ.jpg,3,3,38,38,quartercircle
../keras/cnn_training_data/LwpHOLJKyxIULlaQ.jpg,15,15,25,25,S
../keras/cnn_training_data/Hldt6J3292psmsbi.jpg,3,3,38,38,hexagon
../keras/cnn_training_data/Hldt6J3292psmsbi.jpg,15,15,25,25,N
../keras/cnn_training_data/SCnrbD9ImjiGRCyT.jpg,3,3,38,38,pentagon
../keras/cnn_training_data/SCnrbD9ImjiGRCyT.jpg,15,15,25,25,V
../keras/cnn_training_data/VDd96hm1yjeZkcLV.jpg,3,3,38,38,heptagon
../keras/cnn_training_data/VDd96hm1yjeZkcLV.jpg,15,15,25,25,0
../keras/cnn_training_data/tRKFXj1xHJPgTohZ.jpg,3,3,38,38,pentagon
../keras/cnn_training_data/tRKFXj1xHJPgTohZ.jpg,15,15,25,25,0
../keras/cnn_training_data/EqH9W0kLXBdWIWRx.jpg,3,3,38,38,triangle
../keras/cnn_training_data/EqH9W0kLXBdWIWRx.jpg,15,15,25,25,C
../keras/cnn_training_data/yDwSll1cR4uruURU.jpg,3,3,38,38,circle
../keras/cnn_training_data/yDwSll1cR4uruURU.jpg,15,15,25,25,A
../keras/cnn_training_data/RPQKSDkPBUKelQPD.jpg,3,3,38,38,semicircle
../keras/cnn_training_data/RPQKSDkPBUKelQPD.jpg,15,15,25,25,Y
../keras/cnn_training_data/eumqg8g0Hg7Doz7P.jpg,3,3,38,38,trapezoid
../keras/cnn_training_data/eumqg8g0Hg7Doz7P.jpg,15,15,25,25,8
../keras/cnn_training_data/KxEgZWLbcH5B1KW0.jpg,3,3,38,38,square
../keras/cnn_training_data/KxEgZWLbcH5B1KW0.jpg,15,15,25,25,L
../keras/cnn_training_data/tPSdeJU9cKtHkWET.jpg,3,3,38,38,pentagon
../keras/cnn_training_data/tPSdeJU9cKtHkWET.jpg,15,15,25,25,3
../keras/cnn_training_data/X8prufOfIW4HvNyB.jpg,3,3,38,38,triangle
../keras/cnn_training_data/X8prufOfIW4HvNyB.jpg,15,15,25,25,O
../keras/cnn_training_data/fRJ7TS2z0g9Niv7L.jpg,3,3,38,38,square
../keras/cnn_training_data/fRJ7TS2z0g9Niv7L.jpg,15,15,25,25,2
../keras/cnn_training_data/2CHqKfjt6iW5lKGA.jpg,3,3,38,38,star
../keras/cnn_training_data/2CHqKfjt6iW5lKGA.jpg,15,15,25,25,H
../keras/cnn_training_data/hOgqf582GprALkqT.jpg,3,3,38,38,heptagon
../keras/cnn_training_data/hOgqf582GprALkqT.jpg,15,15,25,25,3
../keras/cnn_training_data/cYNxHhBYTEDLl6Vt.jpg,3,3,38,38,heptagon
../keras/cnn_training_data/cYNxHhBYTEDLl6Vt.jpg,15,15,25,25,E
../keras/cnn_training_data/mVFdxYQtibm8ZSho.jpg,3,3,38,38,heptagon
../keras/cnn_training_data/mVFdxYQtibm8ZSho.jpg,15,15,25,25,D
../keras/cnn_training_data/O4pJ8uxVqS36aCkA.jpg,3,3,38,38,octagon
../keras/cnn_training_data/O4pJ8uxVqS36aCkA.jpg,15,15,25,25,P
../keras/cnn_training_data/PUeINMBZnIwiL0xy.jpg,3,3,38,38,semicircle
../keras/cnn_training_data/PUeINMBZnIwiL0xy.jpg,15,15,25,25,G
../keras/cnn_training_data/ZwnzhAdDBatp381a.jpg,3,3,38,38,heptagon
../keras/cnn_training_data/ZwnzhAdDBatp381a.jpg,15,15,25,25,V
../keras/cnn_training_data/y7k2qtSQuFOzFkGo.jpg,3,3,38,38,triangle
../keras/cnn_training_data/y7k2qtSQuFOzFkGo.jpg,15,15,25,25,U
../keras/cnn_training_data/cpSN9fMP7YI5ytgT.jpg,3,3,38,38,cross
../keras/cnn_training_data/cpSN9fMP7YI5ytgT.jpg,15,15,25,25,P
../keras/cnn_training_data/5TrbilgsgRffJMUK.jpg,3,3,38,38,star
../keras/cnn_training_data/5TrbilgsgRffJMUK.jpg,15,15,25,25,T
../keras/cnn_training_data/nZXoxlhLaueMFe87.jpg,3,3,38,38,trapezoid
../keras/cnn_training_data/nZXoxlhLaueMFe87.jpg,15,15,25,25,7
../keras/cnn_training_data/gtM1dSQsTxU0x1n4.jpg,3,3,38,38,hexagon
../keras/cnn_training_data/gtM1dSQsTxU0x1n4.jpg,15,15,25,25,H
../keras/cnn_training_data/17tRVzHOnkykj8rK.jpg,3,3,38,38,pentagon
../keras/cnn_training_data/17tRVzHOnkykj8rK.jpg,15,15,25,25,4
../keras/cnn_training_data/W4l3QmRODm5aBAJJ.jpg,3,3,38,38,semicircle
../keras/cnn_training_data/W4l3QmRODm5aBAJJ.jpg,15,15,25,25,W
../keras/cnn_training_data/ZXrZ7uZZXG5gq2zo.jpg,3,3,38,38,semicircle
../keras/cnn_training_data/ZXrZ7uZZXG5gq2zo.jpg,15,15,25,25,6
../keras/cnn_training_data/ZUcxWqV2jV1ANjVD.jpg,3,3,38,38,semicircle
../keras/cnn_training_data/ZUcxWqV2jV1ANjVD.jpg,15,15,25,25,Y
../keras/cnn_training_data/LlaysALtLxIXilnw.jpg,3,3,38,38,hexagon
../keras/cnn_training_data/LlaysALtLxIXilnw.jpg,15,15,25,25,Y
../keras/cnn_training_data/2QmgH7ouvJxMwTg9.jpg,3,3,38,38,hexagon
../keras/cnn_training_data/2QmgH7ouvJxMwTg9.jpg,15,15,25,25,N
../keras/cnn_training_data/WGnmtZmTlGbt8kr7.jpg,3,3,38,38,circle
../keras/cnn_training_data/WGnmtZmTlGbt8kr7.jpg,15,15,25,25,0
../keras/cnn_training_data/4qmrhDwKKNmt3Lyj.jpg,3,3,38,38,star
../keras/cnn_training_data/4qmrhDwKKNmt3Lyj.jpg,15,15,25,25,8
../keras/cnn_training_data/MBTkPM4LZIlGLfsi.jpg,3,3,38,38,triangle
../keras/cnn_training_data/MBTkPM4LZIlGLfsi.jpg,15,15,25,25,A
../keras/cnn_training_data/tVgYjtyPE7jEHssp.jpg,3,3,38,38,triangle
../keras/cnn_training_data/tVgYjtyPE7jEHssp.jpg,15,15,25,25,O
../keras/cnn_training_data/1YmPdXeAGhBGtLmk.jpg,3,3,38,38,square
../keras/cnn_training_data/1YmPdXeAGhBGtLmk.jpg,15,15,25,25,O
../keras/cnn_training_data/8HtKOU70p75g1FcI.jpg,3,3,38,38,rectangle
../keras/cnn_training_data/8HtKOU70p75g1FcI.jpg,15,15,25,25,J
../keras/cnn_training_data/Sem9dqDNk4DtoegN.jpg,3,3,38,38,triangle
../keras/cnn_training_data/Sem9dqDNk4DtoegN.jpg,15,15,25,25,L
../keras/cnn_training_data/EPlZnamHq9ZdLdZ1.jpg,3,3,38,38,semicircle
../keras/cnn_training_data/EPlZnamHq9ZdLdZ1.jpg,15,15,25,25,I
../keras/cnn_training_data/2HA6YzI7O8nicZHV.jpg,3,3,38,38,star
../keras/cnn_training_data/2HA6YzI7O8nicZHV.jpg,15,15,25,25,2
../keras/cnn_training_data/Sqlsoszcwlegdcu7.jpg,3,3,38,38,trapezoid
../keras/cnn_training_data/Sqlsoszcwlegdcu7.jpg,15,15,25,25,0
../keras/cnn_training_data/HmsAe378oM4VoD2e.jpg,3,3,38,38,hexagon
../keras/cnn_training_data/HmsAe378oM4VoD2e.jpg,15,15,25,25,P
../keras/cnn_training_data/A2sqyAIoTtXz2mee.jpg,3,3,38,38,heptagon
../keras/cnn_training_data/A2sqyAIoTtXz2mee.jpg,15,15,25,25,R
../keras/cnn_training_data/sKjAOYitQIdlaJuV.jpg,3,3,38,38,hexagon
../keras/cnn_training_data/sKjAOYitQIdlaJuV.jpg,15,15,25,25,C
../keras/cnn_training_data/MAKJkZ4ddlqgypgR.jpg,3,3,38,38,star
../keras/cnn_training_data/MAKJkZ4ddlqgypgR.jpg,15,15,25,25,J
../keras/cnn_training_data/RbX1aIHPu9OZqMcu.jpg,3,3,38,38,trapezoid
../keras/cnn_training_data/RbX1aIHPu9OZqMcu.jpg,15,15,25,25,9
../keras/cnn_training_data/E5E8hRKmdYMfIfW8.jpg,3,3,38,38,square
../keras/cnn_training_data/E5E8hRKmdYMfIfW8.jpg,15,15,25,25,1
../keras/cnn_training_data/XEoyZhl5fQDdwa5u.jpg,3,3,38,38,square
../keras/cnn_training_data/XEoyZhl5fQDdwa5u.jpg,15,15,25,25,4
../keras/cnn_training_data/Mam2GsKuBWOA7wS0.jpg,3,3,38,38,trapezoid
../keras/cnn_training_data/Mam2GsKuBWOA7wS0.jpg,15,15,25,25,Q
../keras/cnn_training_data/DV9cnx86UnXmfjRL.jpg,3,3,38,38,pentagon
../keras/cnn_training_data/DV9cnx86UnXmfjRL.jpg,15,15,25,25,A
../keras/cnn_training_data/Fzj6PSpnyNTD7s9S.jpg,3,3,38,38,star
../keras/cnn_training_data/Fzj6PSpnyNTD7s9S.jpg,15,15,25,25,E
../keras/cnn_training_data/JY9Yuc92IzV9RgKK.jpg,3,3,38,38,quartercircle
../keras/cnn_training_data/JY9Yuc92IzV9RgKK.jpg,15,15,25,25,6
../keras/cnn_training_data/1bOowzW54U0nHRHV.jpg,3,3,38,38,triangle
../keras/cnn_training_data/1bOowzW54U0nHRHV.jpg,15,15,25,25,E
../keras/cnn_training_data/c70XPNu46icnRn5e.jpg,3,3,38,38,cross
../keras/cnn_training_data/c70XPNu46icnRn5e.jpg,15,15,25,25,8
../keras/cnn_training_data/tCVOzXE0wMDrs6ks.jpg,3,3,38,38,pentagon
../keras/cnn_training_data/tCVOzXE0wMDrs6ks.jpg,15,15,25,25,C
../keras/cnn_training_data/rxrm0aY5bEzeuIvU.jpg,3,3,38,38,cross
../keras/cnn_training_data/rxrm0aY5bEzeuIvU.jpg,15,15,25,25,Y
../keras/cnn_training_data/McNfXbPo9e0Wn7OE.jpg,3,3,38,38,quartercircle
../keras/cnn_training_data/McNfXbPo9e0Wn7OE.jpg,15,15,25,25,W
../keras/cnn_training_data/XiAKET00gXZ7jCs2.jpg,3,3,38,38,trapezoid
../keras/cnn_training_data/XiAKET00gXZ7jCs2.jpg,15,15,25,25,K
../keras/cnn_training_data/T2jrFoPOVGmHa5wy.jpg,3,3,38,38,triangle
../keras/cnn_training_data/T2jrFoPOVGmHa5wy.jpg,15,15,25,25,2
../keras/cnn_training_data/eu6dYPbendz7plus.jpg,3,3,38,38,heptagon
../keras/cnn_training_data/eu6dYPbendz7plus.jpg,15,15,25,25,2
../keras/cnn_training_data/ZrD5LbLd0SEh3fUt.jpg,3,3,38,38,pentagon
../keras/cnn_training_data/ZrD5LbLd0SEh3fUt.jpg,15,15,25,25,Z
../keras/cnn_training_data/EJklVhF6nxYdewAN.jpg,3,3,38,38,hexagon
../keras/cnn_training_data/EJklVhF6nxYdewAN.jpg,15,15,25,25,2
../keras/cnn_training_data/3Llj3ds0nPuqWpN3.jpg,3,3,38,38,star
../keras/cnn_training_data/3Llj3ds0nPuqWpN3.jpg,15,15,25,25,S
../keras/cnn_training_data/hBr1akVY5mKJjpXR.jpg,3,3,38,38,square
../keras/cnn_training_data/hBr1akVY5mKJjpXR.jpg,15,15,25,25,Z
../keras/cnn_training_data/XytmqM011AifQo4D.jpg,3,3,38,38,trapezoid
../keras/cnn_training_data/XytmqM011AifQo4D.jpg,15,15,25,25,H
../keras/cnn_training_data/BeelETUPmFCDkZ7d.jpg,3,3,38,38,octagon
../keras/cnn_training_data/BeelETUPmFCDkZ7d.jpg,15,15,25,25,J
../keras/cnn_training_data/fJr6Xctfye8BW05Q.jpg,3,3,38,38,rectangle
../keras/cnn_training_data/fJr6Xctfye8BW05Q.jpg,15,15,25,25,I
../keras/cnn_training_data/K236IPJ5sEiI2xL5.jpg,3,3,38,38,trapezoid
../keras/cnn_training_data/K236IPJ5sEiI2xL5.jpg,15,15,25,25,8
../keras/cnn_training_data/7SxCEPm9nmqvkBS0.jpg,3,3,38,38,triangle
../keras/cnn_training_data/7SxCEPm9nmqvkBS0.jpg,15,15,25,25,H
../keras/cnn_training_data/R1ztJw1vfjnqBWLk.jpg,3,3,38,38,pentagon
../keras/cnn_training_data/R1ztJw1vfjnqBWLk.jpg,15,15,25,25,E
../keras/cnn_training_data/OYyD3tJ2X2etZx2R.jpg,3,3,38,38,pentagon
../keras/cnn_training_data/OYyD3tJ2X2etZx2R.jpg,15,15,25,25,O
../keras/cnn_training_data/R33CEIU6YQkiiSu1.jpg,3,3,38,38,trapezoid
../keras/cnn_training_data/R33CEIU6YQkiiSu1.jpg,15,15,25,25,D
../keras/cnn_training_data/lSWkI8vm3FTOxqJW.jpg,3,3,38,38,rectangle
../keras/cnn_training_data/lSWkI8vm3FTOxqJW.jpg,15,15,25,25,0
../keras/cnn_training_data/AYenfQ017rzV7hfQ.jpg,3,3,38,38,square
../keras/cnn_training_data/AYenfQ017rzV7hfQ.jpg,15,15,25,25,6
../keras/cnn_training_data/SylF6aSLjqMNKdpN.jpg,3,3,38,38,trapezoid
../keras/cnn_training_data/SylF6aSLjqMNKdpN.jpg,15,15,25,25,Z
../keras/cnn_training_data/vgorxbQRiXXOocS0.jpg,3,3,38,38,triangle
../keras/cnn_training_data/vgorxbQRiXXOocS0.jpg,15,15,25,25,V
../keras/cnn_training_data/RU0HPfX1oT7Ka8gw.jpg,3,3,38,38,pentagon
../keras/cnn_training_data/RU0HPfX1oT7Ka8gw.jpg,15,15,25,25,P
../keras/cnn_training_data/S5qUMtMBEqzyL1KO.jpg,3,3,38,38,semicircle
../keras/cnn_training_data/S5qUMtMBEqzyL1KO.jpg,15,15,25,25,2
../keras/cnn_training_data/ExQiT9trboNuvGU6.jpg,3,3,38,38,circle
../keras/cnn_training_data/ExQiT9trboNuvGU6.jpg,15,15,25,25,9
../keras/cnn_training_data/MEtOVt1EWrMDcTbC.jpg,3,3,38,38,circle
../keras/cnn_training_data/MEtOVt1EWrMDcTbC.jpg,15,15,25,25,8
../keras/cnn_training_data/puaiGuEP3wwZMHNJ.jpg,3,3,38,38,circle
../keras/cnn_training_data/puaiGuEP3wwZMHNJ.jpg,15,15,25,25,Z
../keras/cnn_training_data/ieSJEzQylaCCzAbW.jpg,3,3,38,38,cross
../keras/cnn_training_data/ieSJEzQylaCCzAbW.jpg,15,15,25,25,Z
../keras/cnn_training_data/dbJIIy7P0nluDrNS.jpg,3,3,38,38,octagon
../keras/cnn_training_data/dbJIIy7P0nluDrNS.jpg,15,15,25,25,1
../keras/cnn_training_data/FJnOmrXtWMohuBOx.jpg,3,3,38,38,pentagon
../keras/cnn_training_data/FJnOmrXtWMohuBOx.jpg,15,15,25,25,U
../keras/cnn_training_data/666MJQdvinqkBOAh.jpg,3,3,38,38,cross
../keras/cnn_training_data/666MJQdvinqkBOAh.jpg,15,15,25,25,4
../keras/cnn_training_data/1v6paYXWLrRge0wp.jpg,3,3,38,38,octagon
../keras/cnn_training_data/1v6paYXWLrRge0wp.jpg,15,15,25,25,E
../keras/cnn_training_data/CTZMhv4KEpRUqyzI.jpg,3,3,38,38,star
../keras/cnn_training_data/CTZMhv4KEpRUqyzI.jpg,15,15,25,25,7
../keras/cnn_training_data/S5eVGeFOoUDKDgmF.jpg,3,3,38,38,quartercircle
../keras/cnn_training_data/S5eVGeFOoUDKDgmF.jpg,15,15,25,25,U
../keras/cnn_training_data/KX4N2Fn6r1ucVk65.jpg,3,3,38,38,semicircle
../keras/cnn_training_data/KX4N2Fn6r1ucVk65.jpg,15,15,25,25,S
../keras/cnn_training_data/Kb5aK9SILcKEuVEx.jpg,3,3,38,38,triangle
../keras/cnn_training_data/Kb5aK9SILcKEuVEx.jpg,15,15,25,25,V
../keras/cnn_training_data/Cg0lv9XgON8tUc5b.jpg,3,3,38,38,pentagon
../keras/cnn_training_data/Cg0lv9XgON8tUc5b.jpg,15,15,25,25,7
../keras/cnn_training_data/a5tLIlEeOCazeYkA.jpg,3,3,38,38,octagon
../keras/cnn_training_data/a5tLIlEeOCazeYkA.jpg,15,15,25,25,2
../keras/cnn_training_data/cKl1FOwH2XeabMqb.jpg,3,3,38,38,pentagon
../keras/cnn_training_data/cKl1FOwH2XeabMqb.jpg,15,15,25,25,H
../keras/cnn_training_data/zG2VIwbTp5bmDpIU.jpg,3,3,38,38,circle
../keras/cnn_training_data/zG2VIwbTp5bmDpIU.jpg,15,15,25,25,F
../keras/cnn_training_data/JMqQVwTild5okEni.jpg,3,3,38,38,hexagon
../keras/cnn_training_data/JMqQVwTild5okEni.jpg,15,15,25,25,D
../keras/cnn_training_data/nrYryIiFKt62gZiz.jpg,3,3,38,38,hexagon
../keras/cnn_training_data/nrYryIiFKt62gZiz.jpg,15,15,25,25,1
../keras/cnn_training_data/NIlIYbo2RAMtXii5.jpg,3,3,38,38,semicircle
../keras/cnn_training_data/NIlIYbo2RAMtXii5.jpg,15,15,25,25,K
../keras/cnn_training_data/4ziRe0Q9focZW9gj.jpg,3,3,38,38,star
../keras/cnn_training_data/4ziRe0Q9focZW9gj.jpg,15,15,25,25,1
../keras/cnn_training_data/gvzp2dNGSjvHhnFx.jpg,3,3,38,38,heptagon
../keras/cnn_training_data/gvzp2dNGSjvHhnFx.jpg,15,15,25,25,U
../keras/cnn_training_data/zxecwxgHuR0yOL6n.jpg,3,3,38,38,star
../keras/cnn_training_data/zxecwxgHuR0yOL6n.jpg,15,15,25,25,B
../keras/cnn_training_data/2GhgMOLejjMLQBpk.jpg,3,3,38,38,semicircle
../keras/cnn_training_data/2GhgMOLejjMLQBpk.jpg,15,15,25,25,B
../keras/cnn_training_data/HqOyozjfYOBHGeKB.jpg,3,3,38,38,pentagon
../keras/cnn_training_data/HqOyozjfYOBHGeKB.jpg,15,15,25,25,2
../keras/cnn_training_data/a8gjqDLVSzmNaYPE.jpg,3,3,38,38,rectangle
../keras/cnn_training_data/a8gjqDLVSzmNaYPE.jpg,15,15,25,25,X
../keras/cnn_training_data/RhUPFWekMVd18aT5.jpg,3,3,38,38,pentagon
../keras/cnn_training_data/RhUPFWekMVd18aT5.jpg,15,15,25,25,4
../keras/cnn_training_data/eD20o1eFZ2m7sNOR.jpg,3,3,38,38,heptagon
../keras/cnn_training_data/eD20o1eFZ2m7sNOR.jpg,15,15,25,25,3
../keras/cnn_training_data/2Va54etAUGruBJDp.jpg,3,3,38,38,star
../keras/cnn_training_data/2Va54etAUGruBJDp.jpg,15,15,25,25,F
../keras/cnn_training_data/bcI2ySDvsH81xE7O.jpg,3,3,38,38,circle
../keras/cnn_training_data/bcI2ySDvsH81xE7O.jpg,15,15,25,25,8
../keras/cnn_training_data/tVoFPFAinJ42RoWL.jpg,3,3,38,38,octagon
../keras/cnn_training_data/tVoFPFAinJ42RoWL.jpg,15,15,25,25,0
../keras/cnn_training_data/wUgdzxi96JDl9T0f.jpg,3,3,38,38,octagon
../keras/cnn_training_data/wUgdzxi96JDl9T0f.jpg,15,15,25,25,F
../keras/cnn_training_data/8R0PUimveM7PWnCm.jpg,3,3,38,38,heptagon
../keras/cnn_training_data/8R0PUimveM7PWnCm.jpg,15,15,25,25,L
../keras/cnn_training_data/RiQtzG8NBbfR8sYk.jpg,3,3,38,38,trapezoid
../keras/cnn_training_data/RiQtzG8NBbfR8sYk.jpg,15,15,25,25,K
../keras/cnn_training_data/OxjViesrLHJ3yBsf.jpg,3,3,38,38,pentagon
../keras/cnn_training_data/OxjViesrLHJ3yBsf.jpg,15,15,25,25,Y
../keras/cnn_training_data/dpx2QkD2hAErLImi.jpg,3,3,38,38,hexagon
../keras/cnn_training_data/dpx2QkD2hAErLImi.jpg,15,15,25,25,E
../keras/cnn_training_data/mNNnjDSfnT3b1Qpy.jpg,3,3,38,38,star
../keras/cnn_training_data/mNNnjDSfnT3b1Qpy.jpg,15,15,25,25,6
../keras/cnn_training_data/RvwU24d5LVcQK0MB.jpg,3,3,38,38,triangle
../keras/cnn_training_data/RvwU24d5LVcQK0MB.jpg,15,15,25,25,1
../keras/cnn_training_data/pkVAmPGRMeLnG7ny.jpg,3,3,38,38,pentagon
../keras/cnn_training_data/pkVAmPGRMeLnG7ny.jpg,15,15,25,25,W
../keras/cnn_training_data/FW3ueMVtgFrwgewi.jpg,3,3,38,38,circle
../keras/cnn_training_data/FW3ueMVtgFrwgewi.jpg,15,15,25,25,3
../keras/cnn_training_data/t55GC1HkgnhbyBGF.jpg,3,3,38,38,square
../keras/cnn_training_data/t55GC1HkgnhbyBGF.jpg,15,15,25,25,T
../keras/cnn_training_data/3JJkP1c0yncIjwIy.jpg,3,3,38,38,hexagon
../keras/cnn_training_data/3JJkP1c0yncIjwIy.jpg,15,15,25,25,Y
../keras/cnn_training_data/HK0zFBX1n2c9NUWK.jpg,3,3,38,38,star
../keras/cnn_training_data/HK0zFBX1n2c9NUWK.jpg,15,15,25,25,G
../keras/cnn_training_data/HDvyNwngHV2kAfiY.jpg,3,3,38,38,triangle
../keras/cnn_training_data/HDvyNwngHV2kAfiY.jpg,15,15,25,25,L
../keras/cnn_training_data/FBV4wSl0QqaxnJMa.jpg,3,3,38,38,hexagon
../keras/cnn_training_data/FBV4wSl0QqaxnJMa.jpg,15,15,25,25,V
../keras/cnn_training_data/EjlgByyUYXdi0iav.jpg,3,3,38,38,rectangle
../keras/cnn_training_data/EjlgByyUYXdi0iav.jpg,15,15,25,25,C
../keras/cnn_training_data/sii96oRP7nYAyxF1.jpg,3,3,38,38,triangle
../keras/cnn_training_data/sii96oRP7nYAyxF1.jpg,15,15,25,25,R
../keras/cnn_training_data/mlLmV0RAMbMpPbgG.jpg,3,3,38,38,rectangle
../keras/cnn_training_data/mlLmV0RAMbMpPbgG.jpg,15,15,25,25,R
../keras/cnn_training_data/5lchQxgHCYpqk5fh.jpg,3,3,38,38,trapezoid
../keras/cnn_training_data/5lchQxgHCYpqk5fh.jpg,15,15,25,25,U
../keras/cnn_training_data/htaM2oDFzDXF0KrX.jpg,3,3,38,38,trapezoid
../keras/cnn_training_data/htaM2oDFzDXF0KrX.jpg,15,15,25,25,V
../keras/cnn_training_data/gkEvFBTTykLNadsM.jpg,3,3,38,38,cross
../keras/cnn_training_data/gkEvFBTTykLNadsM.jpg,15,15,25,25,I
../keras/cnn_training_data/DIFrjoBZ4PMhLyWW.jpg,3,3,38,38,pentagon
../keras/cnn_training_data/DIFrjoBZ4PMhLyWW.jpg,15,15,25,25,N
../keras/cnn_training_data/bLyIWYwxEP2X8DCY.jpg,3,3,38,38,semicircle
../keras/cnn_training_data/bLyIWYwxEP2X8DCY.jpg,15,15,25,25,Q
../keras/cnn_training_data/8pH1shshIKhzZBZb.jpg,3,3,38,38,star
../keras/cnn_training_data/8pH1shshIKhzZBZb.jpg,15,15,25,25,7
../keras/cnn_training_data/VUEScaaX5pRculyO.jpg,3,3,38,38,triangle
../keras/cnn_training_data/VUEScaaX5pRculyO.jpg,15,15,25,25,F
../keras/cnn_training_data/7V8Vg7XE17Wj4TAB.jpg,3,3,38,38,cross
../keras/cnn_training_data/7V8Vg7XE17Wj4TAB.jpg,15,15,25,25,5
../keras/cnn_training_data/aFKYtpabj1txKcWn.jpg,3,3,38,38,square
../keras/cnn_training_data/aFKYtpabj1txKcWn.jpg,15,15,25,25,0
../keras/cnn_training_data/Ku5QlIOVKk0u6nAN.jpg,3,3,38,38,cross
../keras/cnn_training_data/Ku5QlIOVKk0u6nAN.jpg,15,15,25,25,3
../keras/cnn_training_data/dR7lgG1ZgNc3kbxa.jpg,3,3,38,38,heptagon
../keras/cnn_training_data/dR7lgG1ZgNc3kbxa.jpg,15,15,25,25,L
../keras/cnn_training_data/jPrLZCJ0FBKeTJfy.jpg,3,3,38,38,quartercircle
../keras/cnn_training_data/jPrLZCJ0FBKeTJfy.jpg,15,15,25,25,O
../keras/cnn_training_data/23lilCeYBANxa7pT.jpg,3,3,38,38,pentagon
../keras/cnn_training_data/23lilCeYBANxa7pT.jpg,15,15,25,25,N
../keras/cnn_training_data/H8eQkU3h4bLv4SQy.jpg,3,3,38,38,hexagon
../keras/cnn_training_data/H8eQkU3h4bLv4SQy.jpg,15,15,25,25,U
../keras/cnn_training_data/LSGyvRSlFgWKTFS7.jpg,3,3,38,38,semicircle
../keras/cnn_training_data/LSGyvRSlFgWKTFS7.jpg,15,15,25,25,Z
../keras/cnn_training_data/jjfrqgxjCfdnQcBo.jpg,3,3,38,38,triangle
../keras/cnn_training_data/jjfrqgxjCfdnQcBo.jpg,15,15,25,25,Y
../keras/cnn_training_data/XComoiWo9oeVFQqi.jpg,3,3,38,38,heptagon
../keras/cnn_training_data/XComoiWo9oeVFQqi.jpg,15,15,25,25,U
../keras/cnn_training_data/aQVHicnkSBuNlo6A.jpg,3,3,38,38,cross
../keras/cnn_training_data/aQVHicnkSBuNlo6A.jpg,15,15,25,25,9
../keras/cnn_training_data/VQKH7cdazy8mhPDJ.jpg,3,3,38,38,octagon
../keras/cnn_training_data/VQKH7cdazy8mhPDJ.jpg,15,15,25,25,S
../keras/cnn_training_data/GTVFXnpmS1SlvWdL.jpg,3,3,38,38,semicircle
../keras/cnn_training_data/GTVFXnpmS1SlvWdL.jpg,15,15,25,25,5
../keras/cnn_training_data/QBZs1662oa3bGq5r.jpg,3,3,38,38,rectangle
../keras/cnn_training_data/QBZs1662oa3bGq5r.jpg,15,15,25,25,4
../keras/cnn_training_data/kzZPtUTFhfPWqjML.jpg,3,3,38,38,semicircle
../keras/cnn_training_data/kzZPtUTFhfPWqjML.jpg,15,15,25,25,O
../keras/cnn_training_data/auguL4TyXZJhTGEO.jpg,3,3,38,38,trapezoid
../keras/cnn_training_data/auguL4TyXZJhTGEO.jpg,15,15,25,25,2
../keras/cnn_training_data/w2CsfGWswmGjGRXi.jpg,3,3,38,38,rectangle
../keras/cnn_training_data/w2CsfGWswmGjGRXi.jpg,15,15,25,25,I
../keras/cnn_training_data/fEaGMxOvKDkpBXpu.jpg,3,3,38,38,octagon
../keras/cnn_training_data/fEaGMxOvKDkpBXpu.jpg,15,15,25,25,7
../keras/cnn_training_data/X6J9BwO93EQUrw39.jpg,3,3,38,38,rectangle
../keras/cnn_training_data/X6J9BwO93EQUrw39.jpg,15,15,25,25,A
../keras/cnn_training_data/6wDpE3uVuUWF1BDL.jpg,3,3,38,38,semicircle
../keras/cnn_training_data/6wDpE3uVuUWF1BDL.jpg,15,15,25,25,U
../keras/cnn_training_data/r7X5DIVtb3Az2xUN.jpg,3,3,38,38,triangle
../keras/cnn_training_data/r7X5DIVtb3Az2xUN.jpg,15,15,25,25,B
../keras/cnn_training_data/VutvaPqjSiiDpv6w.jpg,3,3,38,38,octagon
../keras/cnn_training_data/VutvaPqjSiiDpv6w.jpg,15,15,25,25,F
../keras/cnn_training_data/bTORD1mGqgj2B1GF.jpg,3,3,38,38,trapezoid
../keras/cnn_training_data/bTORD1mGqgj2B1GF.jpg,15,15,25,25,Q
../keras/cnn_training_data/uHJIIfHoE46pUbYV.jpg,3,3,38,38,cross
../keras/cnn_training_data/uHJIIfHoE46pUbYV.jpg,15,15,25,25,5
../keras/cnn_training_data/BcdrrsA2J0NbxtJB.jpg,3,3,38,38,rectangle
../keras/cnn_training_data/BcdrrsA2J0NbxtJB.jpg,15,15,25,25,7
../keras/cnn_training_data/MD5yVG6u7NyeF4G1.jpg,3,3,38,38,hexagon
../keras/cnn_training_data/MD5yVG6u7NyeF4G1.jpg,15,15,25,25,4
../keras/cnn_training_data/mg3VWUu3N22QwGGT.jpg,3,3,38,38,semicircle
../keras/cnn_training_data/mg3VWUu3N22QwGGT.jpg,15,15,25,25,L
../keras/cnn_training_data/jXEriiD6BGStua9s.jpg,3,3,38,38,octagon
../keras/cnn_training_data/jXEriiD6BGStua9s.jpg,15,15,25,25,5
../keras/cnn_training_data/mUfwfo79TKEyzT30.jpg,3,3,38,38,cross
../keras/cnn_training_data/mUfwfo79TKEyzT30.jpg,15,15,25,25,6
../keras/cnn_training_data/JoDb17ww9e8r0pU0.jpg,3,3,38,38,cross
../keras/cnn_training_data/JoDb17ww9e8r0pU0.jpg,15,15,25,25,G
../keras/cnn_training_data/BdJuZomZvT8V0DPR.jpg,3,3,38,38,quartercircle
../keras/cnn_training_data/BdJuZomZvT8V0DPR.jpg,15,15,25,25,Z
../keras/cnn_training_data/RZ7uzK6HrqGOmls6.jpg,3,3,38,38,square
../keras/cnn_training_data/RZ7uzK6HrqGOmls6.jpg,15,15,25,25,D
../keras/cnn_training_data/X6nYL6huQZYjlGKf.jpg,3,3,38,38,trapezoid
../keras/cnn_training_data/X6nYL6huQZYjlGKf.jpg,15,15,25,25,L
../keras/cnn_training_data/1khX3CHvrgJqnIvV.jpg,3,3,38,38,quartercircle
../keras/cnn_training_data/1khX3CHvrgJqnIvV.jpg,15,15,25,25,U
../keras/cnn_training_data/QqXrP424RT9YwqHr.jpg,3,3,38,38,cross
../keras/cnn_training_data/QqXrP424RT9YwqHr.jpg,15,15,25,25,S
../keras/cnn_training_data/h1TXgHVXckq4bdOb.jpg,3,3,38,38,trapezoid
../keras/cnn_training_data/h1TXgHVXckq4bdOb.jpg,15,15,25,25,Y
../keras/cnn_training_data/LzVZHF7Zn1vMxQRx.jpg,3,3,38,38,hexagon
../keras/cnn_training_data/LzVZHF7Zn1vMxQRx.jpg,15,15,25,25,B
../keras/cnn_training_data/T64QiV5CDhIOecri.jpg,3,3,38,38,trapezoid
../keras/cnn_training_data/T64QiV5CDhIOecri.jpg,15,15,25,25,E
../keras/cnn_training_data/9cqLQWv4ic2Y2J18.jpg,3,3,38,38,octagon
../keras/cnn_training_data/9cqLQWv4ic2Y2J18.jpg,15,15,25,25,I
../keras/cnn_training_data/k91slh6RWq0wTcmj.jpg,3,3,38,38,trapezoid
../keras/cnn_training_data/k91slh6RWq0wTcmj.jpg,15,15,25,25,P
../keras/cnn_training_data/467OZx8zhrdKJOUE.jpg,3,3,38,38,quartercircle
../keras/cnn_training_data/467OZx8zhrdKJOUE.jpg,15,15,25,25,D
../keras/cnn_training_data/3DpX9iMu7IhzPIJp.jpg,3,3,38,38,semicircle
../keras/cnn_training_data/3DpX9iMu7IhzPIJp.jpg,15,15,25,25,R
../keras/cnn_training_data/BYG4glz8Dn4sotmu.jpg,3,3,38,38,hexagon
../keras/cnn_training_data/BYG4glz8Dn4sotmu.jpg,15,15,25,25,2
../keras/cnn_training_data/DnSjYGblb5SQGp2g.jpg,3,3,38,38,octagon
../keras/cnn_training_data/DnSjYGblb5SQGp2g.jpg,15,15,25,25,V
../keras/cnn_training_data/FLDsfMpFz9k8Jw3E.jpg,3,3,38,38,rectangle
../keras/cnn_training_data/FLDsfMpFz9k8Jw3E.jpg,15,15,25,25,N
../keras/cnn_training_data/91i8YzXuAYhP1ZI5.jpg,3,3,38,38,circle
../keras/cnn_training_data/91i8YzXuAYhP1ZI5.jpg,15,15,25,25,P
../keras/cnn_training_data/D6cMV3IoyFmTzFYX.jpg,3,3,38,38,triangle
../keras/cnn_training_data/D6cMV3IoyFmTzFYX.jpg,15,15,25,25,V
../keras/cnn_training_data/Q9FaMEgfTLL16nrE.jpg,3,3,38,38,quartercircle
../keras/cnn_training_data/Q9FaMEgfTLL16nrE.jpg,15,15,25,25,B
../keras/cnn_training_data/4TCq5OV69P586co9.jpg,3,3,38,38,square
../keras/cnn_training_data/4TCq5OV69P586co9.jpg,15,15,25,25,F
../keras/cnn_training_data/KzP0Zlb10ul3ozXu.jpg,3,3,38,38,trapezoid
../keras/cnn_training_data/KzP0Zlb10ul3ozXu.jpg,15,15,25,25,L
../keras/cnn_training_data/ObfuDmxDubheAffK.jpg,3,3,38,38,cross
../keras/cnn_training_data/ObfuDmxDubheAffK.jpg,15,15,25,25,4
../keras/cnn_training_data/NaxDBjkC8fXpaQD3.jpg,3,3,38,38,hexagon
../keras/cnn_training_data/NaxDBjkC8fXpaQD3.jpg,15,15,25,25,W
../keras/cnn_training_data/t5Goj1Ys8z33W0Xp.jpg,3,3,38,38,circle
../keras/cnn_training_data/t5Goj1Ys8z33W0Xp.jpg,15,15,25,25,8
../keras/cnn_training_data/Wh3CkGeiN05wUdUA.jpg,3,3,38,38,octagon
../keras/cnn_training_data/Wh3CkGeiN05wUdUA.jpg,15,15,25,25,V
../keras/cnn_training_data/mUrDimCrpC6Wqp8d.jpg,3,3,38,38,cross
../keras/cnn_training_data/mUrDimCrpC6Wqp8d.jpg,15,15,25,25,6
../keras/cnn_training_data/lTCtkTqheXqZ5P6b.jpg,3,3,38,38,square
../keras/cnn_training_data/lTCtkTqheXqZ5P6b.jpg,15,15,25,25,Y
../keras/cnn_training_data/tJqEQrUkDCdSNaEQ.jpg,3,3,38,38,quartercircle
../keras/cnn_training_data/tJqEQrUkDCdSNaEQ.jpg,15,15,25,25,W
../keras/cnn_training_data/weTJtDoAHm9SLE5H.jpg,3,3,38,38,circle
../keras/cnn_training_data/weTJtDoAHm9SLE5H.jpg,15,15,25,25,P
../keras/cnn_training_data/vYtQckj4zNCwMrZX.jpg,3,3,38,38,pentagon
../keras/cnn_training_data/vYtQckj4zNCwMrZX.jpg,15,15,25,25,R
../keras/cnn_training_data/kCJfE1j8tS6pTvnb.jpg,3,3,38,38,circle
../keras/cnn_training_data/kCJfE1j8tS6pTvnb.jpg,15,15,25,25,D
../keras/cnn_training_data/ptcWv1zVm6EwXbtf.jpg,3,3,38,38,semicircle
../keras/cnn_training_data/ptcWv1zVm6EwXbtf.jpg,15,15,25,25,R
../keras/cnn_training_data/5NqPLy15FWj9pWBF.jpg,3,3,38,38,rectangle
../keras/cnn_training_data/5NqPLy15FWj9pWBF.jpg,15,15,25,25,W
../keras/cnn_training_data/TSvwgVOTar4vWhhI.jpg,3,3,38,38,star
../keras/cnn_training_data/TSvwgVOTar4vWhhI.jpg,15,15,25,25,R
../keras/cnn_training_data/f2PfwDphng8Vmi8N.jpg,3,3,38,38,octagon
../keras/cnn_training_data/f2PfwDphng8Vmi8N.jpg,15,15,25,25,A
../keras/cnn_training_data/XmHXKKL7tXa5OigP.jpg,3,3,38,38,square
../keras/cnn_training_data/XmHXKKL7tXa5OigP.jpg,15,15,25,25,E
../keras/cnn_training_data/9SbFogyh4C1hMReE.jpg,3,3,38,38,octagon
../keras/cnn_training_data/9SbFogyh4C1hMReE.jpg,15,15,25,25,P
../keras/cnn_training_data/88GZSpRTJohjURto.jpg,3,3,38,38,octagon
../keras/cnn_training_data/88GZSpRTJohjURto.jpg,15,15,25,25,1
../keras/cnn_training_data/xT8C0GqkLgTChsXU.jpg,3,3,38,38,circle
../keras/cnn_training_data/xT8C0GqkLgTChsXU.jpg,15,15,25,25,H
../keras/cnn_training_data/7guTJpsib83Nlaah.jpg,3,3,38,38,semicircle
../keras/cnn_training_data/7guTJpsib83Nlaah.jpg,15,15,25,25,B
../keras/cnn_training_data/13ixLVEnn8RXSuS6.jpg,3,3,38,38,hexagon
../keras/cnn_training_data/13ixLVEnn8RXSuS6.jpg,15,15,25,25,U
../keras/cnn_training_data/ShKKmNvEHfhGBcqZ.jpg,3,3,38,38,hexagon
../keras/cnn_training_data/ShKKmNvEHfhGBcqZ.jpg,15,15,25,25,W
../keras/cnn_training_data/tGnvijxqeTFdaZP4.jpg,3,3,38,38,quartercircle
../keras/cnn_training_data/tGnvijxqeTFdaZP4.jpg,15,15,25,25,U
../keras/cnn_training_data/Qb2R5tEeWkmwNAn9.jpg,3,3,38,38,semicircle
../keras/cnn_training_data/Qb2R5tEeWkmwNAn9.jpg,15,15,25,25,K
../keras/cnn_training_data/BVSWxhAjY7hVldg4.jpg,3,3,38,38,heptagon
../keras/cnn_training_data/BVSWxhAjY7hVldg4.jpg,15,15,25,25,I
../keras/cnn_training_data/y7GRn7aPOIemV5Vg.jpg,3,3,38,38,circle
../keras/cnn_training_data/y7GRn7aPOIemV5Vg.jpg,15,15,25,25,Z
../keras/cnn_training_data/tx2froN1NswkcDTe.jpg,3,3,38,38,rectangle
../keras/cnn_training_data/tx2froN1NswkcDTe.jpg,15,15,25,25,S
../keras/cnn_training_data/KyQbWwSbLhwhSElk.jpg,3,3,38,38,pentagon
../keras/cnn_training_data/KyQbWwSbLhwhSElk.jpg,15,15,25,25,W
../keras/cnn_training_data/ZUkCwNH0BrsHQ0bC.jpg,3,3,38,38,triangle
../keras/cnn_training_data/ZUkCwNH0BrsHQ0bC.jpg,15,15,25,25,B
../keras/cnn_training_data/ac3d7nOaAH1Sd6nA.jpg,3,3,38,38,octagon
../keras/cnn_training_data/ac3d7nOaAH1Sd6nA.jpg,15,15,25,25,P
../keras/cnn_training_data/ojHMjRGzzbi85B56.jpg,3,3,38,38,triangle
../keras/cnn_training_data/ojHMjRGzzbi85B56.jpg,15,15,25,25,Z
../keras/cnn_training_data/FqdCvlQtcbD9DcEh.jpg,3,3,38,38,hexagon
../keras/cnn_training_data/FqdCvlQtcbD9DcEh.jpg,15,15,25,25,Q
../keras/cnn_training_data/cSP0sx5y28asJaiQ.jpg,3,3,38,38,octagon
../keras/cnn_training_data/cSP0sx5y28asJaiQ.jpg,15,15,25,25,R
../keras/cnn_training_data/0UmapByoNpPNzV3E.jpg,3,3,38,38,quartercircle
../keras/cnn_training_data/0UmapByoNpPNzV3E.jpg,15,15,25,25,3
../keras/cnn_training_data/fdf3pt0e0YlGoaZ8.jpg,3,3,38,38,pentagon
../keras/cnn_training_data/fdf3pt0e0YlGoaZ8.jpg,15,15,25,25,9
../keras/cnn_training_data/qVpN4OPnUw3FbIwE.jpg,3,3,38,38,pentagon
../keras/cnn_training_data/qVpN4OPnUw3FbIwE.jpg,15,15,25,25,A
../keras/cnn_training_data/aqMqbBgvdToXLSTt.jpg,3,3,38,38,octagon
../keras/cnn_training_data/aqMqbBgvdToXLSTt.jpg,15,15,25,25,N
../keras/cnn_training_data/jJzYGfWaib0ytMki.jpg,3,3,38,38,square
../keras/cnn_training_data/jJzYGfWaib0ytMki.jpg,15,15,25,25,G
../keras/cnn_training_data/DNlCU4EUSU81PrZ1.jpg,3,3,38,38,circle
../keras/cnn_training_data/DNlCU4EUSU81PrZ1.jpg,15,15,25,25,C
../keras/cnn_training_data/t9IPgvbcImz5pz2P.jpg,3,3,38,38,triangle
../keras/cnn_training_data/t9IPgvbcImz5pz2P.jpg,15,15,25,25,Z
../keras/cnn_training_data/wj8SnEq1maDR4v0L.jpg,3,3,38,38,pentagon
../keras/cnn_training_data/wj8SnEq1maDR4v0L.jpg,15,15,25,25,W
../keras/cnn_training_data/55EwXOe429woPIAw.jpg,3,3,38,38,circle
../keras/cnn_training_data/55EwXOe429woPIAw.jpg,15,15,25,25,L
../keras/cnn_training_data/LAK3psTO05kFgdmR.jpg,3,3,38,38,octagon
../keras/cnn_training_data/LAK3psTO05kFgdmR.jpg,15,15,25,25,D
../keras/cnn_training_data/HvMvyyU929BBTDDf.jpg,3,3,38,38,trapezoid
../keras/cnn_training_data/HvMvyyU929BBTDDf.jpg,15,15,25,25,9
../keras/cnn_training_data/7nxqg7y0SnNwDlbW.jpg,3,3,38,38,hexagon
../keras/cnn_training_data/7nxqg7y0SnNwDlbW.jpg,15,15,25,25,J
../keras/cnn_training_data/sLHjECdPUpFAMpGx.jpg,3,3,38,38,heptagon
../keras/cnn_training_data/sLHjECdPUpFAMpGx.jpg,15,15,25,25,6
../keras/cnn_training_data/CF0rIJQEJOEvms0L.jpg,3,3,38,38,octagon
../keras/cnn_training_data/CF0rIJQEJOEvms0L.jpg,15,15,25,25,N
../keras/cnn_training_data/OIZs2yam9WzNkCWH.jpg,3,3,38,38,octagon
../keras/cnn_training_data/OIZs2yam9WzNkCWH.jpg,15,15,25,25,M
../keras/cnn_training_data/zTwPmJEBFfyoLR1y.jpg,3,3,38,38,quartercircle
../keras/cnn_training_data/zTwPmJEBFfyoLR1y.jpg,15,15,25,25,L
../keras/cnn_training_data/HayCQYkBaxKIOtVS.jpg,3,3,38,38,hexagon
../keras/cnn_training_data/HayCQYkBaxKIOtVS.jpg,15,15,25,25,B
../keras/cnn_training_data/EmyydqTmO167mdGP.jpg,3,3,38,38,octagon
../keras/cnn_training_data/EmyydqTmO167mdGP.jpg,15,15,25,25,4
../keras/cnn_training_data/DfTjUubalIGdTrPS.jpg,3,3,38,38,cross
../keras/cnn_training_data/DfTjUubalIGdTrPS.jpg,15,15,25,25,B
../keras/cnn_training_data/TXHiD40cEAnxLsi0.jpg,3,3,38,38,heptagon
../keras/cnn_training_data/TXHiD40cEAnxLsi0.jpg,15,15,25,25,O
../keras/cnn_training_data/ln63v95LWV1g2Uup.jpg,3,3,38,38,rectangle
../keras/cnn_training_data/ln63v95LWV1g2Uup.jpg,15,15,25,25,6
../keras/cnn_training_data/pAerUCNbkL9fEYrj.jpg,3,3,38,38,square
../keras/cnn_training_data/pAerUCNbkL9fEYrj.jpg,15,15,25,25,9
../keras/cnn_training_data/PBEiXojM2ek9Fj2Z.jpg,3,3,38,38,square
../keras/cnn_training_data/PBEiXojM2ek9Fj2Z.jpg,15,15,25,25,A
../keras/cnn_training_data/VVGUAKhL3qMH32er.jpg,3,3,38,38,cross
../keras/cnn_training_data/VVGUAKhL3qMH32er.jpg,15,15,25,25,3
../keras/cnn_training_data/j5lEBPFkJrmvR2Rb.jpg,3,3,38,38,star
../keras/cnn_training_data/j5lEBPFkJrmvR2Rb.jpg,15,15,25,25,X
../keras/cnn_training_data/n5nojufHMr45EDMe.jpg,3,3,38,38,semicircle
../keras/cnn_training_data/n5nojufHMr45EDMe.jpg,15,15,25,25,C
../keras/cnn_training_data/TaF46yFIDwW0UxNh.jpg,3,3,38,38,quartercircle
../keras/cnn_training_data/TaF46yFIDwW0UxNh.jpg,15,15,25,25,S
../keras/cnn_training_data/9eUGdsXf13aRPkTD.jpg,3,3,38,38,star
../keras/cnn_training_data/9eUGdsXf13aRPkTD.jpg,15,15,25,25,X
../keras/cnn_training_data/lEKZ9FSjTkHG4WeE.jpg,3,3,38,38,rectangle
../keras/cnn_training_data/lEKZ9FSjTkHG4WeE.jpg,15,15,25,25,R
../keras/cnn_training_data/NIjMN14Xe6miMcdQ.jpg,3,3,38,38,octagon
../keras/cnn_training_data/NIjMN14Xe6miMcdQ.jpg,15,15,25,25,R
../keras/cnn_training_data/R0iA3OhX7p0so3ZJ.jpg,3,3,38,38,circle
../keras/cnn_training_data/R0iA3OhX7p0so3ZJ.jpg,15,15,25,25,2
../keras/cnn_training_data/6j4ySA6N0Q66CZ2D.jpg,3,3,38,38,circle
../keras/cnn_training_data/6j4ySA6N0Q66CZ2D.jpg,15,15,25,25,E
../keras/cnn_training_data/KHnGe0drkegnKQMP.jpg,3,3,38,38,cross
../keras/cnn_training_data/KHnGe0drkegnKQMP.jpg,15,15,25,25,P
../keras/cnn_training_data/op4J5hQYSxUH6Hua.jpg,3,3,38,38,circle
../keras/cnn_training_data/op4J5hQYSxUH6Hua.jpg,15,15,25,25,1
../keras/cnn_training_data/qs4VywkyUxnkfsNx.jpg,3,3,38,38,square
../keras/cnn_training_data/qs4VywkyUxnkfsNx.jpg,15,15,25,25,C
../keras/cnn_training_data/l48B9bAMVP1ZcbFr.jpg,3,3,38,38,pentagon
../keras/cnn_training_data/l48B9bAMVP1ZcbFr.jpg,15,15,25,25,G
